{
  "scalesMin": {
    "x": -18.602046966552734,
    "y": -18.094411849975586,
    "z": -18.099485397338867
  },
  "scalesMax": {
    "x": 2.48854660987854,
    "y": 2.479771614074707,
    "z": 3.5468971729278564
  },
  "shNMin": -0.4447653889656067,
  "shNMax": 0.3680919408798218
}